{"cameraMode":{"drawMode":0,"name":"Shaded","section":"Shading Mode"},"sceneLighting":false,"audioPlay":false,"sceneViewState":{"showFog":true,"showMaterialUpdate":false,"showSkybox":true,"showFlares":true,"showImageEffects":true,"showParticleSystems":true},"in2DMode":false,"pivot":{"x":-544.7938842773438,"y":-572.61865234375,"z":-775.9839477539063},"rotation":{"x":-0.0849418118596077,"y":0.9144840240478516,"z":-0.26228055357933047,"w":-0.29616355895996096},"size":1394.4249267578125,"orthographic":false}