{"cameraMode":{"drawMode":0,"name":"Shaded","section":"Shading Mode"},"sceneLighting":false,"audioPlay":false,"sceneViewState":{"showFog":true,"showMaterialUpdate":false,"showSkybox":false,"showFlares":true,"showImageEffects":true,"showParticleSystems":true},"in2DMode":false,"pivot":{"x":4.086613178253174,"y":0.08354588598012924,"z":1.7052316665649415},"rotation":{"x":-0.0849418118596077,"y":0.9144840240478516,"z":-0.26228055357933047,"w":-0.29616355895996096},"size":5.329422950744629,"orthographic":false}