{"cameraMode":{"drawMode":0,"name":"Shaded","section":"Shading Mode"},"sceneLighting":false,"audioPlay":false,"sceneViewState":{"showFog":true,"showMaterialUpdate":false,"showSkybox":false,"showFlares":true,"showImageEffects":true,"showParticleSystems":true},"in2DMode":false,"pivot":{"x":14.720000267028809,"y":7.369999885559082,"z":-5.5},"rotation":{"x":-0.0849418118596077,"y":0.9144840240478516,"z":-0.26228055357933047,"w":-0.29616355895996096},"size":17.937158584594728,"orthographic":false}