{"cameraMode":{"drawMode":0,"name":"Shaded","section":"Shading Mode"},"sceneLighting":false,"audioPlay":false,"sceneViewState":{"showFog":true,"showMaterialUpdate":false,"showSkybox":false,"showFlares":true,"showImageEffects":true,"showParticleSystems":true},"in2DMode":false,"pivot":{"x":22.5739688873291,"y":10.682184219360352,"z":-2.3781723976135256},"rotation":{"x":-0.010551909916102887,"y":0.9077160954475403,"z":0.022870667278766633,"w":0.4188280999660492},"size":42.49607849121094,"orthographic":false}