{"cameraMode":{"drawMode":0,"name":"Shaded","section":"Shading Mode"},"sceneLighting":true,"audioPlay":false,"sceneViewState":{"showFog":true,"showMaterialUpdate":true,"showSkybox":true,"showFlares":true,"showImageEffects":true,"showParticleSystems":true},"in2DMode":false,"pivot":{"x":-0.17072424292564393,"y":-0.07892725616693497,"z":-0.01592119038105011},"rotation":{"x":-0.18580617010593415,"y":0.6820679903030396,"z":-0.18569429218769074,"w":-0.6824784874916077},"size":2.096562147140503,"orthographic":false}