{"cameraMode":{"drawMode":0,"name":"Shaded","section":"Shading Mode"},"sceneLighting":false,"audioPlay":false,"sceneViewState":{"showFog":true,"showMaterialUpdate":false,"showSkybox":false,"showFlares":true,"showImageEffects":true,"showParticleSystems":true},"in2DMode":false,"pivot":{"x":0.06761837005615235,"y":-0.4873731732368469,"z":-0.4462023973464966},"rotation":{"x":0.05352172255516052,"y":0.9457182288169861,"z":-0.20633314549922944,"w":0.24531440436840058},"size":3.3490872383117677,"orthographic":false}