{"cameraMode":{"drawMode":0,"name":"Shaded","section":"Shading Mode"},"sceneLighting":false,"audioPlay":false,"sceneViewState":{"showFog":true,"showMaterialUpdate":false,"showSkybox":false,"showFlares":true,"showImageEffects":true,"showParticleSystems":true},"in2DMode":false,"pivot":{"x":0.4640856087207794,"y":0.5931429862976074,"z":30.429813385009767},"rotation":{"x":-0.1689939647912979,"y":0.003545332932844758,"z":-0.0006076401914469898,"w":-0.9856105446815491},"size":12.652909278869629,"orthographic":false}