{"cameraMode":{"drawMode":0,"name":"Shaded","section":"Shading Mode"},"sceneLighting":true,"audioPlay":false,"sceneViewState":{"showFog":true,"showMaterialUpdate":true,"showSkybox":false,"showFlares":true,"showImageEffects":true,"showParticleSystems":true},"in2DMode":false,"pivot":{"x":2.413654327392578,"y":-4.2646026611328129,"z":0.5586874485015869},"rotation":{"x":-0.40913859009742739,"y":0.5766330361366272,"z":-0.4088926613330841,"w":-0.5769808292388916},"size":137.19606018066407,"orthographic":false}