{"cameraMode":{"drawMode":0,"name":"Shaded","section":"Shading Mode"},"sceneLighting":true,"audioPlay":false,"sceneViewState":{"showFog":true,"showMaterialUpdate":true,"showSkybox":true,"showFlares":true,"showImageEffects":true,"showParticleSystems":true},"in2DMode":false,"pivot":{"x":-8.787227630615235,"y":12.556402206420899,"z":-4.176090240478516},"rotation":{"x":-0.262052983045578,"y":0.4649225175380707,"z":-0.14627118408679963,"w":-0.8329346179962158},"size":49.77729415893555,"orthographic":false}