{"cameraMode":{"drawMode":0,"name":"Shaded","section":"Shading Mode"},"sceneLighting":true,"audioPlay":false,"sceneViewState":{"showFog":true,"showMaterialUpdate":false,"showSkybox":true,"showFlares":true,"showImageEffects":true,"showParticleSystems":true},"in2DMode":false,"pivot":{"x":-2.5910305976867677,"y":0.18479633331298829,"z":-6.226440906524658},"rotation":{"x":-0.2668820917606354,"y":0.6749051809310913,"z":-0.28838106989860537,"w":-0.6245905756950378},"size":13.404385566711426,"orthographic":false}