{"cameraMode":{"drawMode":0,"name":"Shaded","section":"Shading Mode"},"sceneLighting":false,"audioPlay":false,"sceneViewState":{"showFog":true,"showMaterialUpdate":false,"showSkybox":true,"showFlares":true,"showImageEffects":true,"showParticleSystems":true},"in2DMode":false,"pivot":{"x":17.773086547851564,"y":-0.9918155670166016,"z":26.419700622558595},"rotation":{"x":-0.03413527086377144,"y":0.5472308397293091,"z":-0.02234455570578575,"w":-0.8359867930412293},"size":187.51358032226563,"orthographic":false}